word,first-last dist,change,pos,type,remark,time,dictionary entry
导师,0.9385 ,yes,n,narrow,精神 -> 学术,1985,名 ①高等学校或研究机关中指导人学习、进修、写作论文的教师或研究人员：博士生～。②在大事业、大运动中指示方向、掌握政策的人：革命～。
十九,0.9150 ,no,,context,~届()全会,2015,
攻克,0.8889 ,yes,v,metaphor,战争 -> 难关,1990,动 攻下（敌人的据点），也用于比喻：～堡垒｜～设计难点。
二十一,0.8713 ,no,,context,~世纪,1980,
自动,0.4737 ,yes,adv,gain,主动 -> automatic,1950,副 ①自己主动：～参加｜～帮忙。②副不凭借人为的力量的：～燃烧｜水～地往下流。③形属性词。不用人力而用机械装置直接操作的：～化｜～控制｜～装置。
冲击,0.4266 ,yes,v,broaden,炮弹 -> 洪水 -> 比喻干扰或打击(e.g.对经济),1950/1965,动 ①（水流等）撞击物体：海浪～着石崖。②冲锋：向敌人阵地发起～。③比喻干扰或打击：在外来商品～下，当地一些工厂停止了生产。
十八,0.7966 ,no,,context,~届()全会,2010,
千方百计,0.5722 ,yes,idiom,ameliorate,nb处心积虑/百般图谋 -> 克服困难/全力以赴,1955,形容想尽或用尽种种方法。
领导人,0.7686 ,yes,n,narrow,() -> 国家领导人,1955,
老年,0.7694 ,no,,topic,() -> 疗养保健,1985,名 六七十岁以上的年纪。
背景,0.6802 ,yes,n,metaphor,图画 -> 历时/时代环境,1955,名 ①舞台上或电影、电视剧里的布景。放在后面，衬托前景。②图画、摄影里衬托主体事物的景物。③对人物、事件起作用的历史情况或现实环境：历史～｜政治～。④指背后倚仗的力量：他说话的口气很硬，恐怕是有～的。
常年,0.5911 ,yes,n,loss,平常(无灾害)的年份 -> 长年/终年,1955,副 ①终年；长期：山顶上～积雪｜战士们～守卫着祖国的边防。②名平常的年份：这儿小麦～亩产五百斤。
调动,0.7958 ,yes,v,broaden,工作/职位 -> 抽象(e.g.积极性),1955,动 ①更动（位置、用途）：～队伍｜～工作。②调集动员：～群众的生产积极性。
大兴,0.7476 ,no,,poly,"e大兴纱厂 vs. n地名 vs. v(i.e""大兴土木"")",1955,
获悉,0.7368 ,no,,context,信息渠道,1980,动 得到消息知道（某事）：日前～，他已南下探亲。
进军,0.5388 ,yes,v,metaphor,军队行进 -> 向目标出发,1955,动 军队出发向目的地前进：红军渡过乌江，向川滇边境～｜～的号角响了丨比喻用法向科学～。
新旧,0.7295 ,no,,context,社会体制 -> 工业科技转型,2015,
跳出,0.5053 ,yes,v,metaphor,~圈子/~窠臼,1955,
卷入,0.4982 ,yes,v,ameliorate,兴起/蓬勃开展 -> 陷入/拖入/受到牵连,1955,
挖掘,0.4163 ,yes,v,metaphor,挖(字面义) -> 发掘/激发(~潜力),1955,动 挖；发掘：～地下的财富丨比喻用法～生产潜力｜～、整理地方戏曲剧目。
关闭,0.4137 ,yes,v,metaphor,关(门窗) -> 停工/停业,1955,动 ①关➊：门窗都紧紧～着丨比喻用法～机场。②企业、商店、学校等歇业或停办：～了几家污染严重的工厂。
防务,0.7173 ,no,,context,"所""防""的对象",,名 有关国家安全防御方面的事务。
敢于,0.4079 ,yes,v,ameliorate,胆敢(nb阴谋诡计/无情) -> 勇于(e.g.坚持真理),1955,动 有决心，有勇气（去做或去争取）：～挑重担。
快速,0.7095 ,no,,context,军事工业 -> 球类运动 -> (),,形 属性词。速度快的；迅速：～通道丨～炼钢｜～行军｜～育肥。
场上,0.7078 ,no,,reference,乡村(e.g.打谷场) -> 运动场,1970,
突破,0.4073 ,yes,v,broaden,攻破对方防线 -> 克服困难/打破纪录,1955,动 ①集中兵力向一点进攻或反攻，打开缺口：～封锁｜～防线｜～敌人阵地。②打破（困难、限制等）：～难关｜～定额｜对这个问题的研究又有新的～。
编辑,0.7018 ,no,,context,与人名产生关联,,动 对资料或现成的作品进行整理、加工：～部｜～工作。名 ①做编辑工作的人。②新闻出版机构中编辑人员的中级专业职称。
迫切要求,0.6962 ,no,,context,要求的内容/对象,,
十三,0.6961 ,no,,context,"疑为""十三五""规划分词有误",2015,
复兴,0.6933 ,no,,context,复兴的主语,,动 ①衰落后再兴盛起来：民族～｜文艺～。②使复兴：～国家｜～农业。
中等,0.6914 ,no,,context,~教育 -> ~收入,2000,形 属性词。①等级介于上等、下等之间或高等、初等之间的：～货｜～教育。②不高不矮的（指身材）：～个儿。
连年,0.6884 ,not really,,negative/positive,天灾/粮食丰收/经济增长,,动 接连许多年：～大丰收。
完善,0.6041 ,yes,adj,gain + adj -> v,nb完备/完整 -> nb健全/规范/强化,1960,形 ①完备美好：设备～。②动使完善：～管理制度。
十七,0.6707 ,no,,context,~届()全会,2005,
把握,0.6687 ,no,,,,,动 ①握；拿：司机～着方向盘。②动抓住（抽象的东西）：～时机｜透过现象，～本质。③名成功的可靠性（多用于“有”和“没”后）：球赛获胜是有～的。
功夫,0.4535 ,yes,n,disambiguate,时间精力 -> 力气/本领,1960,名 ①本领；造诣：他的诗～很深｜这个杂技演员真有～。②名指武术：中国～。③（做事）所耗费的时间和精力：下～丨苦～。
大部,0.6590 ,not really,,context narrow,现多用于气象预报,1990,
打通,0.6396 ,yes,v,loss + metaphor,做思想工作 -> 修路 -> 抽象(i.e任督二脉),1960,动 除去阻隔使相贯通：把这两个房间～丨比喻用法～思想。
增添,0.5239 ,yes,v,metaphor,添置(设备) -> 注入/焕发(抽象),1960,动 添加；加多：～人口丨～设备｜～麻烦。
区分,0.6562 ,no,,tokenizer error,"疑为早期""区 分社""分词有误",,动 区别➊：～优劣｜严格～不同性质的矛盾。
印发,0.6539 ,not really,,context narrow,现多用于官方出台的文件,1995,动 印刷散发；印刷分发：～传单｜把这份材料～给各科室。
挑战,0.8514 ,yes,n,metaphor,竞赛 -> 政治局势(文革) -> 经济机遇(改开后)  ,1960/1985,动 ①故意激怒敌人，使敌人出来打仗。②动鼓动对方跟自己竞赛：班组之间互相～应战。③动激励自己主动跟困难等做斗争：～自我｜～奥运会纪录。④名指需要应付、处理的局面或难题：信息化时代，～和机遇并存。
部长会议,0.6440 ,no,,reference,苏联 -> 联合国,1995,
常设,0.6409 ,no,,context,组织/机构 -> 展览馆,2015,动 长期设立（组织、机构等）：学校应～招生咨询点｜全国人民代表大会常务委员会是全国人民代表大会的～机关。
基点,0.7271 ,yes,n,metaphor,场所 -> 抽象(基础),1965,名 ①作为开展某种活动的基础的地方：以产棉乡为～推广棉花生产新技术。②基础➋：通过调查研究弄清情况是解决问题的～。
泛滥,0.6175 ,yes,v,metaphor,洪水 -> 错误思潮,1965,动 ①江河湖泊的水溢出，四外流淌：洪水～｜～成灾。②比喻坏的事物不受限制地流行：不能让错误思想和言行自由～。
新兴,0.6392 ,no,,context,新兴的产业/企业,,形 属性词。最近兴起的：～学科｜～的工业城市。
总会,0.6371 ,no,,reference,"具体的""会""(e.g.红十字会/商会)",,
全民,0.6368 ,no,,context,政治运动 -> 企业/所有制 -> 运动健身,1995,名 一个国家内的全体人民：～公决｜～动员。
一日,0.6358 ,no,,tokenizer error,疑为文言文(古诗词)引用,,
多个,0.6356 ,no,,,,,
人为,0.6350 ,no,,tokenizer error,"疑为""任命…等…人为…""分词错误",1955,动 ①人去做：事在～。②形属性词。人造成的（用于不如意的事）：～的障碍｜～的困难。
短期,0.6342 ,no,,context,训练班 -> 金融产品,1985,名 ①短时期：价格在～内不会上涨。②形属性词。时间短的；期限短的：～贷款｜～培训。
半岛,0.6324 ,no,,reference,具体的岛(e.g.朝鲜半岛),,名 伸入海洋或湖泊的陆地，三面临水，如我国的辽东半岛、雷州半岛等。
设想,0.5675 ,yes,n,ameliorate,想象(臆测/猜测) -> 方案/构想/规划,1970,动 ①想像；假想：不堪～｜他提出了关于技术改造的大胆～。②着想：应该处处替国家～。
封闭,0.7065 ,yes,v,loss + metaphor,查封 -> 堵住 -> 孤立/隔绝,1970/1985,动 ①严密盖住、关住或堵住等，使不能通行或随便打开：大雪～了道路｜用火漆～瓶口。②查封：～赌场。
苏联,0.6313 ,not really,,,盟友(nb中国) -> 苏修(nb美国/西方) -> 解体,1970/1995,
编者按,0.6310 ,no,,context,"与编者/""转载自""关联",,名 编辑人员对文章或消息所加的意见、评论等，常常放在文章或消息的前面。
志愿,0.6160 ,yes,n,gain,自愿 -> 报考(文革后恢复高考),1975,名 ①志向和愿望：立下～｜他的～是当个教师。②动自愿：～军｜我～去边疆工作。
飞跃,0.6287 ,no,,,,,动 ①飞腾跳跃；腾空跳跃：麻雀在丛林中～。②比喻突飞猛进：～发展。③事物从旧质到新质的转化。由于事物性质的不同，飞跃有时通过爆发的方式来实现，有时通过新质要素的逐渐积累和旧质要素的逐渐消亡来实现。不同形式的飞跃都是质变。
四月,0.6251 ,no,,,,,
九个,0.6242 ,no,,,,,
爱国,0.6233 ,no,,context,爱国的具体表现,,动 热爱自己的国家：～心｜～人士。
口径,0.6224 ,no,,context,多用于炮弹 -> 器械(望远镜等),1990,名 ①器物圆口的直径：这架天文望远镜～500毫米。②泛指要求的规格、性能等：螺钉与螺母的～不合。③比喻对问题的看法和处理问题的原则：开会统一～｜咱俩说的～要一致。
战略,0.4398 ,yes,n,broaden,军事策略 -> 泛指全局目标/规划,1975,名 ①指导战争全局的计划和策略：～部署｜～防御。②泛指决定全局的策略：革命～｜全球～。
偏向,0.6179 ,no,,context,具体偏向的(e.g.左倾错误/形式主义),,名 ①不正确的倾向（多指掌握政策过宽或过严，或在几项工作中只注重某一项）：发现～，要及时纠正。②动偏于赞成（某一方面）今年春游我～于去香山。③动（对某一方：）无原则地支持或袒护。
开放,0.5839 ,yes,v,broaden,场所营业/花朵盛开 -> (经济)解除封锁,1975,动 ①（花）展开：百花～。②动解除封锁、禁令、限制等，允许进入或利用：改革～｜机场关闭了三天，至今日才～｜公园每天～丨食堂只对本单位职工～。③形性格开朗；思想开通，不受拘束：性格～｜思想～。
击败,0.5274 ,yes,v,narrow,战争 -> 体育赛事,1975,动 打败：～对手，获得冠军。
十四,0.6143 ,no,,tokenizer error,"疑为后期""十四世达赖喇嘛""规划分词有误",2005,
布置,0.4185 ,yes,v,broaden,安排布署 -> 布展/陈设/摆放,1975,动 ①在一个地方安排和陈列各种物件使这个地方适合某种需要：～会场｜～新房。②对活动做出安排：～学习｜～工作。
向上,0.4933 ,yes,adj,metaphor,积极上进,1980,动 朝好的方向走；上进：有心～｜好好学习，天天～。
单独,0.6054 ,no,,context,使用场景复杂,,副 不跟别的合在一起；独自：～行动｜请抽空到我这里来一下，我要～跟你谈谈｜他已经能够离开师傅，～操作了。
公开,0.4402 ,yes,adv,gain + adv -> v,公然 -> 公告/公示,1980,形 ①不加隐蔽的；面对大家的（跟“秘密”相对）：～活动。②动使秘密的成为公开的：这件事暂时不能～。
核心,0.6033 ,no,,,,,名 中心；主要部分（就事物之间的关系而言）：领导～｜～小组｜～工事｜～作用。
中以,0.5993 ,no,,,"疑似""在…中以…""分词错误",,
产业,0.7337 ,yes,n,broaden,现代工业生产 -> 经济行业,1980,名 ①土地、房屋、工厂等财产（多指私有的）。②构成国民经济的行业和部门：高科技～｜支柱～。③指现代工业生产（多用于定语）：～工人｜～部门｜～革命。
自主,0.5985 ,no,,context,国家独立~/婚姻~ -> 技术~创新,,动 自己做主：～权｜独立～｜婚姻～｜不由～。
特色,0.5983 ,no,,,,,名 事物所表现的独特的色彩、风格等：民族～｜艺术～｜他们的表演各有～。
协同,0.5966 ,no,,,,,动 各方互相配合或甲方协助乙方做某件事：～办理｜各军种兵种～作战。
五月,0.5962 ,no,,,,,
爱国者,0.5961 ,no,,,与不同时期不同国家的政治运动关联,,
渠道,0.7250 ,yes,n,metaphor,水道 -> 途径,1980,名 ①在河湖或水库等的周围开挖的水道，用来引水排灌。②途径；门路；扩大商品流通～。
缺口,0.6108 ,yes,n,metaphor,破洞 -> 短缺/不足,1980,名 ①（～儿）物体上缺掉一块而形成的空隙：围墙上有个～｜碗边儿上碰了个～儿。②指（经费、物资等）短缺的部分：原材料～很大。
发展史,0.5906 ,no,,,,,
二月,0.5860 ,no,,,,,
起到,0.5847 ,no,,,,,
一时期,0.5842 ,no,,,,,
三月,0.5839 ,no,,,,,
中心,0.5637 ,yes,n,metaphor,重心/重点 -> 机构(信息~/情报~/服务~),1980,名 ①方位词。跟四周的距离相等的位置：在草地的～有一个八角亭子。②事物的主要部分：～思想｜～问题｜抓住～开展工作。③在某一方面占重要地位的城市或地区：政治～｜文化～。④设备、技术力量等比较完备的机构和单位（多作单位名称）：维修～｜研究～｜科技信息～。
总书记,0.5838 ,no,,reference,指代的具体领导人,,名 某些政党的最高负责人，在我国特指中国共产党中央委员会总书记。
八月,0.5835 ,no,,,,,
四点,0.5835 ,no,,,"后期文中多次出现""四点宝贵意见""",2005,
告别,0.5833 ,no,,,,,动 ①离别；分手（一般要打个招呼或说句话）：～亲友｜他把信交给了队长，就匆匆～了。②辞行：动身的那天清早，我特地去向他～。③和死者最后诀别，表示哀悼。
中立,0.5827 ,no,,,,,动 处于对立的双方之间，不倾向于任何一方：严守～。
归于,0.5819 ,no,,,,,动 ①属于（多用于抽象事物）：光荣～祖国。②趋向；趋于：经过讨论，大家的意见已经～一致了。
美的,0.5819 ,no,,tokenizer error,"疑为""美国(简称)的""分词错误",,
生产者,0.5453 ,yes,n,broaden,从事生产活动的人 -> 生产/销售/经营链条一环,1980,
背后,0.5786 ,no,,context,,,名 ①后面：山～。②背地里：有话当面说，不要～乱说。
奋起,0.5778 ,no,,,,,动 ①振作起来：～直追｜～反击。②有力地举起或拿起来：～铁拳。
大国,0.5773 ,no,,reference,不同时期提到的国家指向不同,,
持续,0.5767 ,no,,context,,,动 延续不断：～的干旱造成粮食大幅度减产｜两国经济和文化的交流已经～了一千多年。
东亚,0.5748 ,no,,context,~病夫/~共荣圈(neg) -> ~地区(neutral),1990,名 亚洲东部，包括中国、朝鲜、韩国、蒙古和日本等国。
最新,0.5744 ,no,,context,~轰炸机/~电子计算机/~白皮书,,
面向,0.5739 ,no,,context,~基层/~农村 -> ~世界/~未来,1980,
作者,0.5734 ,no,,,,,名 文章或著作的写作者；艺术作品的创作者。
大陆,0.5347 ,yes,n,metonymy,陆地(美洲~/非洲~) -> 我国相对岛屿的陆地部分,1980,名 ①广大的陆地：亚洲～（不包括属于亚洲的岛屿）。②特指我国领土的广大陆地部分（对我国沿海岛屿而言）：台胞回～探亲。
行列,0.5000 ,yes,n,metaphor,队伍 -> 比喻,1980,名 人或物排成的直行和横行的总称：他站在～的最前面丨比喻用法这家工厂已经进入了同类企业的先进～。
大众,0.4194 ,yes,n,gain + n -> adj,群众 -> 通俗/主流,1980,名 群众；民众：～化｜劳苦～。
苏维埃,0.5696 ,no,,,,,名 1917年俄国革命建立的政权名。我国第二次国内革命战争时期曾把当时的工农民主政权组织也叫苏维埃。［俄 совет］
四种,0.5691 ,no,,,,,
伙伴,0.5690 ,no,,context,政治盟友 -> 贸易伙伴,1985,名 古代兵制十人为一火，火长一人管炊事，同火者称为火伴，现在泛指共同参加某种组织或从事某种活动的人，写作伙伴。
消费,0.5689 ,no,,,,,动 为了生产或生活需要而消耗物质财富或接受有偿服务等：～品｜高～。
六个,0.5681 ,no,,,,,
出去,0.5678 ,no,,,,,动 从里面到外面去：出得去｜出不去｜～走走，呼吸点儿新鲜空气。动 趋向动词。用在动词后，表示动作由里向外离开说话的人：走得～｜走不～｜送出大门去。
文明,0.4127 ,yes,n,gain + n -> adj,civilisation -> civilised,1980,名 ①文化➊：物质～。②形社会发展到较高阶段和具有较高文化的：～人丨～国家。③形旧时指有西方现代色彩的（风俗、习惯、事物）：～结婚｜～棍儿（手杖）。
进驻,0.5671 ,no,,,,,动 （军队）开进某一地区驻扎下来。
四处,0.5659 ,no,,,,,名 周围各地；到处：～奔波｜往～张望｜公园里～都是游人。
财经,0.5639 ,no,,,,,名 财政和经济的合称：～学院丨～频道。
敬礼,0.5397 ,yes,v,narrow,书信结尾致意/问候 -> 行军礼,1980,动 ①立正、举手或鞠躬行礼表示恭敬：向老师敬个礼。②敬辞，用于书信结尾。
散发,0.5237 ,yes,v,metaphor,~传单/宣传品 -> ~气味,1980,动 发出；分发：花儿～着阵阵的芳香｜～文件丨～传单。
震撼,0.5065 ,yes,v,metaphor,声音震响 -> 打动人心,1980,动 震动；摇撼：～人心｜滚滚春雷，～大地。
竞赛,0.5633 ,no,,context,劳动~/红旗~ -> 智力~/体育~/发明~,1985,动 互相比赛，争取优胜：体育～｜劳动～。
文教,0.5612 ,no,,,,,名 文化和教育：～部门｜～事业。
基本上,0.5611 ,no,,,,,副 ①主要地：这项任务，～要靠你们车间来完成。②大体上：一年的任务，到十月份已经～完成。
退伍军人,0.5604 ,no,,,,,
女士,0.5587 ,no,,,,,名 对妇女的尊称。
用人,0.7563 ,yes,vp,metaphor,使用人力 -> 任命人才,1980,动 ①选择与使用人员：～不当｜善于～。②需要人手：现在正是～的时候。名 仆人：女～。
老干部,0.5578 ,no,,,,,名 年纪大的或资格老的干部，特指1949年10月1日以前参加革命工作的干部。
十月,0.5574 ,no,,,,,
俄罗斯,0.5562 ,no,,,,,
八个,0.5559 ,no,,,,,
力图,0.5533 ,no,,,,,动 极力谋求；竭力打算：～实现自己的抱负。
两党,0.5532 ,no,,reference,不同语境下代指不同的党,,
以前,0.5529 ,no,,,,,名 方位词。现在或所说某时之前的时期：毕业～｜三年～｜很久～｜～他在这里工作过。
专车,0.7221 ,yes,n,broaden,专设车次 -> 专人用车 -> 租车/包车/网约车,1980/2015,名 ①在例行车次之外专为某人或某事特别开行的火车或汽车。②机关单位或个人专用的汽车。
远东,0.5515 ,no,,,,,名 欧洲人指亚洲东部地区。
容忍,0.5502 ,no,,,,,动 宽容忍耐：他的错误行为使人不能～。
宣传员,0.5499 ,no,,,,,
国务院,0.5499 ,no,,context,"早期仅用于美国, 后也用于中国",1955,名 ①我国最高国家权力机关的执行机关，即最高国家行政机关，也就是中央人民政府，由总理、副总理、国务委员、各部部长、各委员会主任等人员组成。国务院对全国人民代表大会和它的常务委员会负责并报告工作。②民国初年的内阁，以国务总理为首。③美国政府中主管外交兼管部分内政的部门，主管者称国务卿。
六次,0.5496 ,no,,,,,
十六,0.5496 ,no,,,,,
鼓动,0.5484 ,no,,,,,动 ①扇动：小鸟～翅膀。②用语言、文字等激发人们的情绪，使他们行动起来：宣传～｜经他一～，不少人都去学习电脑了。
开出,0.5463 ,no,,context,搭配复杂多变(开车/开药方/开罚单),,
竟然,0.5461 ,no,,,,,副 竟➍：这样宏伟的建筑，～只用十个月的时间就完成了。
适时,0.5459 ,no,,context,播种/施肥 -> 预案,,形 适合时宜；不太早也不太晚：播种～｜～收割。
代理人,0.6562 ,yes,n,ameliorate,贬义(e.g.资本家) -> 法律诉讼,1985,名 ①受当事人委托，代表他进行某种活动（如贸易、诉讼、纳税、签订合同等）的人。②指实际上为某人或集团的利益（多指非法利益）服务的人。
继续前进,0.5451 ,no,,,,,
自发,0.5444 ,no,,context,"资本主义~势力(马列, 文革期间强调)",,形 属性词。由自己产生，不受外力影响的；不自觉的：～性｜～势力｜这个科研小组是他们几个人～地组织起来的。
两岸,0.6398 ,yes,n,metonymy,现特指台湾海峡两岸,1985,名 ①江河、海峡等两边的地方。②特指台湾海峡两岸，即我国的大陆和台湾省。
推销,0.5427 ,no,,context,推销产品和渠道的变化,,动 推介销售：～员｜～新产品。
多地,0.5411 ,no,,,,,
十五,0.5397 ,no,,,,,
集团,0.6315 ,yes,n,ameliorate,反动/统治/阴谋~ -> ~公司,1985,名 ①为了一定的目的组织起来共同行动的团体：统治～。②由若干同类企业联合起来而形成的经济实体：～公司丨报业～。
供给,0.6186 ,yes,n,metaphor,生活物资的供应和配给 -> 市场供需关系,1985,动 把生活中必需的物资、钱财、资料等给需要的人使用：免费～学习资料丨发展经济，保障～。
五个,0.5396 ,no,,,,,
领事,0.5395 ,no,,,,,名 由一国政府派驻外国某一城市或地区的外交官员，主要任务是保护本国和它的侨民在该领事区内的法律权利和经济利益，管理侨民事务等。
领域,0.5392 ,no,,,,,名 ①一个国家行使主权的区域。②学术思想或社会活动的范围：思想～｜生活～｜在自然科学～内，数学是最重要的基础。
内地,0.4010 ,yes,n,metonymy,中部地区(相对边远/边疆) -> 大陆(相对于港台),1985,名 ①距离边疆（或沿海）较远的地区。②指我国大陆地区（对香港、澳门而言）。
若干,0.5382 ,no,,,,,代 疑问代词。多少（问数量或指不定量）：价值～？｜关于发展教育的～问题。
瞄准,0.6318 ,yes,v,broaden,射击目标 -> 市场需求,1985,动 （～儿）①射击时为使子弹、炮弹打中一定目标，调整枪口、炮口的方位和高低：～靶子｜把枪口～侵略者。②泛指对准：这个工厂～市场的需求，生产出多种规格的产品。
追随,0.5951 ,yes,v,ameliorate,nb屈从/投靠 -> ~前辈/先驱者,1985,动 跟随：～左右｜～潮流。
台湾,0.5348 ,no,,,,,
流动,0.5805 ,yes,v,broaden,巡回(~售货) -> 资源调配(人才~/资金~),1985,动 ①（液体或气体）移动：溪水缓缓地～｜空气～就形成风。②经常变换位置（跟“固定”相对）：～哨｜～人口｜人才～｜电影放映队常年在农村～。
一期,0.5346 ,not really,,,刊号 -> ~工程,,
红色,0.5346 ,not really,,,某些时期更表现出象征义(革命),,名 ①红的颜色。②形属性词。象征革命或政治觉悟高：～政权｜～根据地丨～商人。
一号,0.5330 ,no,,,,,
据此,0.5319 ,no,,,,,
输血,0.5313 ,no,,context,随着医学发展上下文有所不同,,动 ①把健康人的血液或血液的组成部分（如血浆、血小板等）用一定的装置输送到病人体内。②比喻从外部给予财力、物力、人力等方面的帮助：地区发展不能一味依靠政府～。
民主化,0.5308 ,no,,context,,,
指明,0.5306 ,no,,context,说明/阐明 -> 指出方向,1965,动 明确指出：～方向。
目的地,0.5304 ,no,,context,旅游,2000,
备忘录,0.5296 ,no,,,,,名 ①一种外交文书，声明自己方面对某种问题的立场，或把某些事项的概况（包括必须注意的名称、数字等）通知对方。②随时记载，帮助记忆的笔记本。
破产,0.5435 ,yes,v,narrow,泛指事情失败 -> 企业经营,1985,动 ①丧失全部财产：一场大火使村上的许多农家破了产。②债务人不能偿还债务时，法院根据本人或债权人的申请，做出裁定，把债务人的财产变价依法归还各债主，其不足之数不再偿付。③比喻事情失败（多含贬义）：计划～｜阴谋～。
大西洋,0.5291 ,no,,,,,
四个,0.5290 ,no,,,,,
工农,0.5290 ,no,,,,,
一月,0.5289 ,no,,,,,
五项,0.5288 ,no,,,,,
提起,0.4315 ,yes,v,gain,谈到/说起 -> 法律诉讼,1985,动 ①谈到；说起：～此人，没有一个不知道的。②振作起：～精神。③提出：～诉讼。
体验,0.5270 ,no,,,,,动 通过实践来认识周围的事物；亲身经历：作家到群众中去～生活｜有了孩子之后，他深深～到了这种工作的艰辛。
果实,0.5245 ,no,,poly,本义和比喻/引申义,,名 ①植物体的一部分，花受精后，子房逐渐长大，成为果实。可分为真果、假果，也可分为单果、复果、聚合果。有些果实可供食用。②比喻经过斗争或劳动得到的胜利品或收获：劳动～。
清算,0.4199 ,yes,v,ameliorate,nb肃清/斗倒/批倒 -> 结算,1985,动 ①彻底地计算：～账目。②列举全部罪恶或错误并做出相应的处理：～恶霸的罪恶。
等于,0.4176 ,yes,v,broaden,数量相等/相当 -> 意味着(~说),1985,动 ①某数量跟另一数量相等：三加二～五。②差不多就是，跟……没有区别：不识字就～睁眼瞎子｜说了不听，～白说。
常委会,0.5230 ,no,,,,,
冻结,0.5200 ,no,,,,,动 ①液体遇冷凝结；使物体受冻凝结。②比喻阻止流动或变动（指人员、资金等）：～存款。③比喻暂不执行或发展：协议～｜～双方关系。
训练,0.5192 ,no,,,,,动 有计划有步骤地使具有某种特长或技能：～班｜业务～｜～义务消防人员｜警犬都是受过～的。
引向,0.5170 ,no,,,,,
军政,0.5170 ,no,,,,,名 ①军事和政治。②军事上的行政工作。③指军队和政府。
腐败,0.5165 ,no,,,,,动 ①腐烂➊：不要吃～的食物｜木材涂上油漆，可以防止～。②形（思想）陈旧；（行为）堕落：～分子。③形（制度、组织、机构、措施等）混乱、黑暗：政治～。
用工,0.6676 ,yes,vp,metonymy,花费工时 -> 雇用工人,1985,动 指招收工人或使用工人：改革～制度。
之声,0.5130 ,no,,,,,
制裁,0.5130 ,no,,context,法律惩罚 -> 经济封锁,1970,动 用强力管束并惩处：法律～｜经济～。
永久,0.5129 ,no,,,,,形 永远；长久。
我军,0.5122 ,no,,,,,
五大,0.5114 ,no,,,,,
大战,0.5111 ,no,,reference,世界大战/商战/贸易战/重大体育赛事,,名 ①大规模的战争，也用于比喻：世界～｜足球～。②动进行大规模的战争或激烈的战斗：孙悟空～铁扇公主。
军民,0.5110 ,no,,,,,名 军队和人民：～鱼水情。
人到,0.5108 ,no,,,,,
冒险,0.5102 ,no,,context,发动战争/军事挑衅/下海经商…,,动 不顾危险地进行某种活动：～家｜～行为｜～突围｜我劝你别去～。
一至,0.5096 ,no,,,,,
九年,0.5094 ,no,,context,"与""义务教育""逐渐绑定",1990,
瘫痪,0.5090 ,no,,context,医学情况 vs. 停顿/陷入困境,,动 ①由于神经功能发生障碍，身体的一部分完全或不完全地丧失运动的能力。可分为面瘫、单瘫（一个上肢或下肢瘫痪）、偏瘫、截瘫、四肢瘫等。也叫风瘫。②比喻机构、交通等不能正常运转或不能正常发挥作用：交通～｜领导班子～。
裁军,0.5077 ,no,,,,,动 裁减武装人员和军事装备。
战后,0.5076 ,no,,context,具体哪个战后,,
二次,0.5076 ,no,,,,,
看来,0.5076 ,no,,,"与""在… 看来""混淆",,动 根据经验或已知情况做出大概的推断：老师这么晚还没到，～是发生什么事了。
致敬,0.5071 ,no,,context,"表示敬意, 但现在多用于缅怀亡者",,动 向人敬礼或表示敬意：～信｜举手～。
本报,0.5068 ,no,,reference,,,
十足,0.6074 ,yes,adv,ameliorate,~伪善/愚蠢/无能 -> ~霸气/豪爽/威猛,1990,形 ①成色纯：～的黄金。②十分充足：～的理由｜神气～｜干劲～。
动员群众,0.5062 ,no,,,,,
不大,0.4011 ,yes,adv,disambiguate,"旧同""不太/不怎么"", 现只表示大小",1990,
国营,0.5053 ,no,,,,,形 属性词。国家投资经营的：～农场｜～企业。
庇护,0.5044 ,no,,,,,动 袒护；保护：～坏人｜～权。
参谋,0.5044 ,no,,,,,名 ①军队中参与指挥部队行动、制定作战计划的干部。②动泛指代人出主意：这事该怎么办，你给～一下。③名指代出主意的人：他给你当～。
现任,0.5026 ,no,,,,,动 ①现在担任（职务）：他～工会主席。②形属性词。现在任职的：～校长是原来的教导主任。
无人,0.5020 ,no,,context,搭配复杂多变,,
编成,0.5020 ,no,,context,搭配复杂多变(快板/索引/部队),,
十一,0.5020 ,no,,context,"国庆""十一""黄金周",2000,名 10月1日，中华人民共和国国庆日。1949年10月1日中华人民共和国成立。
教育方针,0.5018 ,no,,,,,
旧金山,0.5006 ,no,,,,,
礼堂,0.5004 ,no,,,,,名 供开会或举行典礼用的大厅。
坚决拥护,0.5004 ,no,,,,,
政治经济,0.5004 ,no,,,,,
前沿,0.6587 ,yes,n,metaphor,防御阵地 -> 科学研究,1990,名 ①防御阵地最前面的边沿：～阵地。②比喻科学研究中最新或领先的领域：～科学。
一事,0.4991 ,no,,,,,名 方业务或组织上有关系的；一起的：这家药铺和城里同仁堂药铺是～。
老年人,0.4990 ,no,,,,,
教会,0.4990 ,no,,,"名词与动词""教会某人某事""混淆",,名 天主教、东正教、新教等基督教各教派的信徒的组织。
单一,0.4990 ,no,,,,,形 只有一种：～经济｜品种～｜方法～。
俱乐部,0.6292 ,yes,n,metonymy,文娱活动场所 -> 商业赛事球队,1990,名 进行社会、文化、艺术、体育、娱乐等活动的团体和场所。［日，从英 club］
集结,0.4974 ,no,,,,,动 聚集，特指军队等集合到一处：～待命｜～兵力。
九月,0.4970 ,no,,,,,
公众,0.4961 ,no,,context,社会舆论 -> 消费者群体,,名 社会上大多数的人；大众：～领袖｜～利益。
管理工作,0.4955 ,no,,,,,
救济,0.4952 ,no,,,,,动 用金钱或物资帮助灾区或生活困难的人：～费｜～粮｜～难民。
着眼,0.4944 ,no,,tokenizer error,"疑为""瞪着眼""/""闭着眼""等分词错误",,动 （从某方面）观察；考虑：～点｜大处～，小处下手｜积极培养年轻选手，～于将来的世界大赛。
为的是,0.4934 ,no,,,,,
主题,0.5396 ,yes,n,broaden,作品的题材思想 -> 会议/活动的核心内容,1990,名 ①文学、艺术作品中所表现的中心思想，是作品思想内容的核心。②泛指谈话、文件、会议等的主要内容：～词｜年终分配成了人们议论的～。③主标题。
梦想,0.4367 ,yes,n,ameliorate,幻想/妄想 -> 美好的愿望,1990,动 ①幻想；妄想：这件事根本不可能，你别～了。②动渴望：他小时候～着当一名飞行员。③名梦想的事情：实现了自己的～。
第一年,0.4932 ,no,,,,,
沿线,0.4923 ,no,,context,指不同的公路/铁路线,,名 靠近铁路、公路或航线的地方：铁路～加强了警戒。
五次,0.4922 ,no,,,,,
工商业,0.4920 ,no,,,,,名 工业和商业的合称。
太平,0.4919 ,no,,,,,形 指社会平安；安宁：天下～｜～景象｜太太平平地过日子。
阿富汗,0.4911 ,no,,reality,受当地战局影响,,
邓小平,0.4906 ,no,,,,,
居然,0.4896 ,no,,,,,副 表示出乎意料；竟然：我真没想到他～会做出这种事来。
名为,0.4892 ,no,,poly,名为… 实则… vs. 名叫/取名为,,
基地,0.4891 ,no,,context,军事基地 -> 产业~/示范园区,,名 ①作为某种事业基础的地区：工业～丨农业丨钢铁～丨水稻～。②有特定用途的或开展某种活动的专用场所或机构：军事～｜导弹～丨乒乓球训练～丨重点学科研究～。
相对,0.4887 ,no,,poly,relative/relatively,,动 ①互相朝着对方，面对面：～而坐｜两山～。②动指性质上互相对立，如大与小相对，美与丑相对。③形属性词。依靠一定条件而存在，随着一定条件而变化的（跟“绝对”相对）：～高度｜在绝对的总的宇宙发展过程中，各个具体过程的发展都是～的。④形属性词。比较的：～稳定｜～优势。
舆论,0.4886 ,no,,,,,名 公众的言论：社会～｜国际～｜～哗然。
民主改革,0.4883 ,no,,,,,废除封建制度、建立民主制度的各项社会改革，包括土地制度的改革，婚姻制度的改革，企业经营管理的民主化，以及某些少数民族地区的农奴解放、奴隶解放等。
前列,0.4872 ,no,,,,,名 最前面的一列，比喻带头或领先的地位：站在斗争的最～。
缔结,0.4858 ,no,,,,,动 订立（条约等）：～同盟｜～贸易协定。
周恩来,0.4857 ,no,,,,,
无情,0.4845 ,no,,,,,形 ①没有感情：冷酷～。②动不留情：翻脸～｜水火～｜事实是～的。
附属,0.4845 ,no,,,,,形 ①属性词。某一机构所附设或管辖的（学校、医院等）：～小学｜～工厂。②动依附；归属：这所医院～于医科大学。
二十八,0.4843 ,no,,,,,
场合,0.4842 ,no,,,,,名 一定的时间、地点、情况：在公共～，要遵守秩序。
同盟,0.4838 ,no,,,,,动 ①为采取共同行动而缔结盟约：～国｜～军｜～罢工。②名由缔结盟约而形成的整体：结成～｜军事～｜攻守～。
四大,0.4834 ,no,,,,,
前方,0.4320 ,yes,n,loss,战地前线 -> 方位,1990,名 ①方位词。前面➊：他的目光注视着～。②接近战线的地区（跟“后方”相对）：支援～｜开赴～。
多种,0.4830 ,no,,,,,
教导,0.4825 ,no,,,,,动 教育指导：～处｜～有方。
撤离,0.4824 ,no,,,,,动 撤退；离开：～现场｜～防地。
法则,0.4817 ,no,,,,,名 ①规律；规则：自然～丨运算～。②法度➋：人民利益高于一切，这是我们共产党人的～。③书模范；榜样。
上次,0.4814 ,no,,,,,
堡垒,0.4202 ,yes,n,metaphor,防御建筑 -> 比喻起到防御作用的事物,1990,名 ①在冲要地点作防守用的坚固建筑物。②比喻难于攻破的事物或不容易接受新事物、新思想的人：封建～｜科学～｜顽固～（比喻十分顽固的人）。
解释,0.4808 ,no,,,,,动 ①分析阐明：经过无数次的研究和实验，这种自然现象才得到科学的～。②说明含义、原因、理由等：～词句｜～误会。
七个,0.4806 ,no,,,,,
中起,0.4804 ,no,,,"疑为""在…中起…(e.g.作用)""分词有误",,
近代,0.4802 ,no,,,,,名 ①过去距离现代较近的时代，在我国历史分期上多指19世纪中叶到五四运动之间的时期。②指资本主义时代。
公共,0.4797 ,no,,,,,形 属性词。属于社会的；公有公用的：～卫生｜～汽车｜～场所｜爱护～财产。
综合,0.4796 ,no,,,,,动 ①把分析过的对象或现象的各个部分、各属性联合成一个统一的整体（跟“分析”相对）。②不同种类、不同性质的事物组合在一起：～治理｜～平衡（各方面之间的平衡）｜～大学｜戏剧是一种～艺术，它包括文学、美术、音乐、建筑等各种艺术的成分。
历年,0.4794 ,no,,,,,名 过去的很多年；以往各年：～的积蓄｜比照～，今年的收成算中上。
粉碎,0.4789 ,no,,,,,形 ①状态词。碎得像粉末一样：茶杯摔得～。②动使粉碎：～矿石。③动使彻底失败或毁灭：～敌人的进攻。
执政,0.4787 ,no,,,,,动 掌握政权：～党。
发射,0.4786 ,no,,context,炮弹 -> 火箭/人造卫星,,动 射出（枪弹、炮弹、火箭、电波、人造卫星等）：～台丨～场丨～塔。
劳工,0.4783 ,no,,,,,名 ①旧时称工人：～运动。②做苦工的人；苦力。
官兵,0.4782 ,no,,,,,名 ①军官和士兵：正确处理～关系。②旧时指政府的军队。
走出,0.4776 ,no,,,,,
协调,0.4775 ,no,,,,,形 ①配合得适当：色彩～｜动作～。②动使配合得适当：～产销关系。
可耻,0.4769 ,no,,,,,形 应当认为羞耻：节约光荣，浪费～。
多名,0.4767 ,no,,,,,
将军,0.4763 ,no,,,,,名 ①将（jiànɡ）级军官。②名泛指高级将领。③名大黄的旧称。④（－∥－）动将➎。⑤（－∥－）动比喻给人出难题，使人为难：他当众将了我一军，要我表演舞蹈。
建国,0.4759 ,no,,tokenizer error,近年多为人名分词错误,,动 ①建立国家：～功臣。②建设国家：勤俭～。
整体,0.4749 ,no,,,,,名 指整个集体或整个事物的全部（对各个成员或各个部分而言）：～规划｜～利益。
党史,0.4749 ,no,,,,,
预期,0.4748 ,no,,,,,动 预先期待：～能够获得好收成｜达到～的目的。
中为,0.4747 ,no,,,,,
二号,0.4744 ,no,,,,,
压力,0.4741 ,no,,,,,名 ①物体所承受的与表面垂直的作用力。②制伏人的力量：舆论～｜施加～。③承受的负担：交通～｜人口～。
上市,0.4159 ,yes,v,gain,货品(生鲜果蔬)在市场出售 -> 金融产品发行,1990,动 ①（货物）开始在市场出售：六月里西红柿大量～｜这是刚～的苹果。②股票、债券、基金等经批准后在证券交易所挂牌交易：新股～｜～公司。③到市场上：～买菜去。
通讯社,0.4718 ,no,,,,,名 采访和编辑新闻供给各报社、广播电台、电视台等使用的宣传机构，如我国的新华社。
归来,0.4716 ,no,,,,,动 从别处回到原来的地方：海外～。
撑腰,0.4711 ,no,,,,,动 比喻给予有力的支持：～打气｜有群众～，你大胆干吧！
五点,0.4708 ,no,,,,,
特种,0.4705 ,no,,,,,形 属性词。同类事物中属于特殊种类的：～兵｜～工艺。
城乡,0.4696 ,no,,,,,
原则上,0.4694 ,no,,,,,
难民,0.4693 ,no,,,,,名 由于战乱、自然灾害等原因而流离失所、生活困难的人：救济～。
用以,0.4689 ,no,,,,,
军事力量,0.4688 ,no,,,,,
一致同意,0.4686 ,no,,,,,
劲头,0.4684 ,no,,,,,名 （～儿）口①力量；力气：战士们身体好，～儿大，个个都像小老虎。②积极的情绪：看他那股兴高采烈的～儿｜他们学习起来～十足。③神情；态度：摆出一副无所谓的～。
翻身,0.4684 ,no,,,,,动 ①躺着转动身体。②比喻从受压迫、受剥削的情况下解放出来：～户｜～做主。③比喻改变落后面貌或不利处境：只有进行改革，我厂的生产才能～。④方转身；回身。
便是,0.4679 ,no,,,,,
侵占,0.4675 ,no,,,,,动 ①非法占有（别人的财产）。②用侵略手段占有（别国的领土）。
二十,0.4675 ,no,,,,,
为止,0.4675 ,no,,,,,动 截止；终止（多用于时间、进度等）：到目前～，报名的人已超过一千。
论述,0.4670 ,no,,,,,动 叙述和分析：把自已的观点～清楚｜本文准备就以下三个问题分别加以～。
贸易协定,0.4667 ,no,,,,,
谅解,0.4655 ,no,,,,,动 了解实情后原谅或消除意见：他很～你的苦衷｜大家应当互相～，搞好关系。
百分之百,0.4650 ,no,,,,,全部；十足：～地完成了任务｜这件事我有～的把握，准能成功。也说百分百。
行政,0.4640 ,no,,,,,动 ①行使国家权力：～单位｜～机构｜严格依法～。②名指机关、企业、团体等内部的管理工作：～人员｜～费用｜一位副所长管科研，另一位管～。
蒋介石,0.4637 ,no,,,,,
解放出来,0.4637 ,no,,,,,
十二,0.4633 ,no,,,,,
航空公司,0.4625 ,no,,,,,
抓紧,0.4618 ,no,,,,,动 紧紧地把握住，不放松：～时间｜～学习｜生产一定要～。
更进一步,0.4613 ,no,,,,,
太平洋,0.4609 ,no,,,,,
四项,0.4603 ,no,,,,,
另据,0.4603 ,no,,,,,
叙利亚,0.4599 ,no,,,,,
零点,0.4598 ,no,,,,,名 时间词。夜里十二点钟：～十分。
之多,0.4594 ,no,,,,,
农业机械,0.4590 ,no,,,,,
上要,0.4589 ,no,,,,,
二十四,0.4587 ,no,,,,,
国内外,0.4587 ,no,,,,,
四国,0.4581 ,no,,,,,
打出,0.4580 ,no,,,,,
人中,0.4573 ,no,,,,,名 人的上唇正中凹下的部分。
二人,0.4570 ,no,,,,,
换取,0.4558 ,no,,,,,动 用交换的方法取得：用工业品～农产品。
零星,0.4557 ,no,,,,,形 属性词。①零碎的；少量的：～材料｜～土地｜我零零星星地听到一些消息。②零散：～的枪声｜下着零零星星的小雨｜草丛间零零星星地点缀着一些小花。
出卖,0.4557 ,no,,,,,动 ①卖；出售：～房屋｜～劳动力。②为了个人利益，做出有利于敌人的事，使国家、民族、亲友等利益受到损害：～灵魂｜～明友｜～民族利益。
颠覆,0.4557 ,no,,,,,动 ①翻倒：防止列车～。②采取阴谋手段从内部推翻合法的政府：～活动。
改造,0.4554 ,no,,,,,动 ①就原有的事物加以修改或变更，使适合需要：～低产田。②从根本上改变旧的、建立新的，使适应新的形势和需要：劳动能～世界。
修复,0.4554 ,no,,,,,动 修理使恢复完整（多指建筑物）：～河堤｜～铁路丨比喻用法～两国关系。
从中,0.4551 ,no,,,,,副 在其间；在其中：～取利｜～作梗。
提案,0.4543 ,no,,,,,名 提交会议讨论决定的建议：草拟了一份～。
高地,0.4542 ,no,,,,,名 地势高的地方，军事上特指地势较高能够俯视、控制四周的地方：无名～。
市政,0.4538 ,no,,,,,名 城市管理工作，包括工商业、交通、公安、卫生、公用事业、基本建设、文化教育等。
接见,0.4537 ,no,,,,,动 跟来的人见面（多用于主人接待客人或上级会见下属）：～外宾｜～与会代表。
显示,0.4535 ,no,,,,,动 明显地表现：～威力｜作品～了作者纯熟的写作技巧。
提升,0.7864 ,yes,v,broaden,提拔/升值 -> 提高/增强,1995,动 ①提高（职位、等级等）：由副厂长～为厂长。②用卷扬机等向高处运送（矿物、材料等）：～设备。
联席会议,0.4532 ,no,,,,,不同的单位、团体为了解决彼此有关的问题而联合举行的会议。
澄清,0.4531 ,no,,,,,形 ①（水、天空）清亮：湖水碧绿～。②动使混浊变为清明，比喻肃清混乱局面：～天下。③动弄清楚（认识、问题等）：～事实。另见276页dènɡ∥qīnɡ。动 使杂质沉淀，液体变清：这水太浑，～之后才能用。另见171页chénɡqīnɡ。
肯定,0.4530 ,no,,,,,动 ①承认事物的存在或事物的真实性（跟“否定”相对，下➋同）：～成绩。②形属性词。表示承认的；正面的：～判断｜我问他赞成不赞成，他的回答是～的（=赞成）。③形确定；明确：他今天来不来还不能～｜请给我一个～的答复。④副表示无疑问；必定：他～会同意｜情况～是有利的。
展开讨论,0.4528 ,no,,,,,
爱好,0.4528 ,no,,,,,动 ①对某种事物具有浓厚的兴趣；喜爱：～体育｜他对打太极拳很～。②名对某种事物所具有的浓厚兴趣：他的～很广泛｜你有什么～？
相继,0.4526 ,no,,,,,副 一个跟着一个：大家～发言。
独立自主,0.4523 ,no,,,,,（国家、民族或政党等）不受外来力量控制、支配，自己行使主权。
出力,0.4522 ,no,,,,,动 拿出力量；尽力：～不讨好｜他为人耿直，干工作又肯～。
十个,0.4522 ,no,,,,,
集合,0.4516 ,no,,,,,动 ①许多分散的人或物聚在一起：全校同学已经在操场～了。②动使集合；汇集：～各种材料，加以分析。③名数学上指若干具有共同属性的事物的总体。如全部整数就成一个整数的集合，一个工厂的全体工人就成一个该工厂全体工人的集合。简称集。
对抗,0.4510 ,no,,,,,动 ①对立起来相持不下：阶级～｜不能对同志的批评抱～情绪。②抵抗：武装～。
遵循,0.4510 ,no,,,,,动 遵照：～原则｜无所～，碍难执行。
人权,0.4508 ,no,,,,,名 人和群体在社会关系中应享有的平等权利。包括人和群体的生存权、人身权、政治权以及在经济、文化、社会各方面享有的民主权利。
首次,0.4501 ,no,,,,,数量词。第一次；头一回：这是本地～举办的大型展览会。
德国,0.4496 ,no,,,,,
侵略,0.4493 ,no,,,,,动 指侵犯别国的领土、主权，掠夺财富并奴役别国的人民。侵略的主要形式是武装入侵，有时也采用政治干涉、经济和文化渗透等方式：～战争｜文化～。
立法,0.4489 ,no,,,,,动 国家权力机关按照一定程序制定或修改法律：～机关｜～程序｜立了法就要严格执行。
自我,0.4486 ,no,,,,,代 人称代词。自己（用在双音动词前面，表示这个动作由自己发出，同时又以自己为对象）：～批评｜～介绍｜～调控｜战胜～。
视察,0.4485 ,no,,,,,动 ①上级人员到下级机构检查工作。②察看：～地形。
军国主义,0.4481 ,no,,,,,把国家完全置于军事控制之下，一切都为侵略和战争服务的思想和政策。对内实行法西斯军事独裁，扩军备战，向人民灌输侵略思想，强迫人民服兵役。对外掠夺，干涉别国内政，发动侵略战争。
官方,0.4477 ,no,,,,,名 政府方面：～消息｜～人士｜～评论｜他的发言不代表～。
明显,0.4471 ,no,,,,,形 清楚地显露出来，容易让人看出或感觉到：字迹～｜目标～。
强国,0.4470 ,no,,,,,名 ①国力强大的国家：建设现代化～。①动使国家强大：～之本在于发展经济。
完全正确,0.4468 ,no,,,,,
关切,0.4468 ,no,,,,,动 关心：感谢各位对我的～｜对他的处境深表～。
战时,0.4462 ,no,,,,,名 战争时期。
为首,0.4461 ,no,,,,,动 作为领头人：以某某～的代表团｜犯罪团伙的～分子已被抓获。
优势,0.4455 ,no,,,,,名 能超过对方的有利形势：集中～兵力｜这场比赛主队占～。
原定,0.4455 ,no,,,,,
两大,0.4453 ,no,,,,,
跟随,0.4452 ,no,,,,,动 跟➋：他从小就～着爸爸在山里采药。
下列,0.4452 ,no,,,,,形 属性词。下面所开列的：预防肠道传染病，应注意～几点。
项目,0.4446 ,no,,,,,名 事物分成的门类：服务～｜体育～｜建设～。
夺取,0.4446 ,no,,,,,动 ①用武力强取：～敌人的阵地。②努力争取：～新的胜利｜～农业丰收。
在思想上,0.4443 ,no,,,,,
合成,0.4439 ,no,,,,,动 ①由部分组成整体：～词｜合力是分力～的。②通过化学反应使成分比较简单的物质变成成分复杂的物质：～革。
签名,0.4436 ,no,,,,,动 ①（－∥－）写上自己的名字。②在文件、单据等上面写下的自己的名字：报销单上有王主任的～。
观点,0.4426 ,no,,,,,名 观察事物时所处的位置或采取的态度：政治～丨生物学～｜纯技术～。
启发,0.4426 ,no,,,,,动 阐明事例，引起对方联想而有所领悟：～性报告｜～群众的积极性。
退出,0.4426 ,no,,,,,动 离开会场或其他场所，不再参加；脱离团体或组织：～会场｜～战斗｜～组织。
民众,0.4419 ,no,,,,,名 人民大众：唤起～。
非法,0.4415 ,no,,,,,形 属性词。不合法的：～收入｜～活动｜～占据｜倒卖文物是～的。
致电,0.4414 ,no,,,,,动 给对方打电报或发电传等，～祝贺｜～慰问。
五十,0.4414 ,no,,,,,
流通,0.4410 ,no,,,,,动 ①流转通行；不停滞：空气～。②指商品、货币流转。
两手,0.4407 ,no,,,,,名 ①（～儿）指本领或技能：有～儿｜留～儿｜给大家露～。②指相对的两个方面的手段、办法等：为防不测做～准备。
信号,0.4406 ,no,,,,,名 ①用来传递信息或命令的光、电波、声音、动作等：～灯｜～枪｜打～｜发～。②电路中用来控制其他部分的电流、电压或无线电发射机发射出的电波。
投入,0.4403 ,no,,v,加入/投身 -> 投放资金,1985,动 ①投到某种环境里去：～生产｜～新生活｜新机场已经正式～使用。②形形容做事情聚精会神，全力以赴：她演戏很～。③动指投放资金：少～，多产出。④名投放的资金：教育～逐年增加｜这是一笔不小的～。
创建,0.5993 ,yes,v,broaden,创立(组织机构) -> 建设(e.g.文明城市),1995,动 创立：～学校。
一切都是,0.4401 ,no,,,,,
制服,0.4401 ,no,,poly,n军服/警服 vs. v治服/制伏,,动 用强力压制使驯服：这匹烈马很难～｜我就不信制不服他。名 军人、机关工作者、学生等穿戴的有规定式样的正式服装。
策划,0.5718 ,yes,v,ameliorate,nb阴谋/唆使 -> 公关/选题/攥稿,1995,动 筹划；谋划：幕后～｜这部影片怎么个拍法，请你来～一下。
不通,0.4396 ,no,,poly,开窍 vs. 通路,,
见解,0.4396 ,no,,,,,名 对事物的认识和看法：～正确｜他对中医理论有独到的～。
长久,0.4392 ,no,,,,,形 时间很长；长远：～打算｜这种混乱状况不会～的。
压缩,0.4389 ,no,,,,,动 ①加上压力，使体积缩小：～空气｜～饼干。②减少（人员、经费、篇幅等）：～编制｜～开支。
三号,0.4389 ,no,,,,,
内在,0.4385 ,no,,,,,形 ①属性词。事物本身所固有的（跟“外在”相对）：～规律｜～因素。②存于内心，不表露在外面：感情～。
城镇,0.4376 ,no,,,,,名 城市和集镇：～居民。
侵入,0.5637 ,yes,v,metaphor,军事 -> 间谍/黑客/病毒,1995,动 ①用武力强行进入（境内）：～边境。②（外来的或有害的事物）进入（内部）：防止病菌～体内丨由于冷空气～，气温急剧下降。
信仰,0.4366 ,no,,context,政治宗教 -> Mao(1965) -> 理想信念(共产主义),1990,动 ①对某人或某种主张、主义、宗教极度相信和尊敬，拿来作为自己行动的榜样或指南：～佛教丨～马克思主义。②名相信并奉为准则或指南的某种主张、主义、宗教等：有～｜尊重公民的宗教～。
东北,0.4364 ,no,,,,,名 ①方位词。东和北之间的方向。②（Dōnɡběi）指我国东北地区，包括辽宁、吉林、黑龙江三省以及内蒙古自治区的东部。
元旦,0.4355 ,no,,,,,名 公历新年的第一天。
交流,0.4354 ,no,,,,,动 ①交错地流淌：涕泪～｜河港～。②彼此把自己有的供给对方：物资～｜文化～｜～工作经验。
迫切需要,0.4350 ,no,,,,,
旨在,0.4345 ,no,,,,,
器材,0.4344 ,no,,context,建筑/通讯/体育健身,,名 器具和材料的合称：照相～｜无线电～｜铁路～。
集中力量,0.4336 ,no,,,,,
现阶段,0.4334 ,no,,,,,
如今,0.4329 ,no,,,,,名 时间词。现在：事到～，只好不了了之｜～再用老眼光看问题可不行了。注意“现在”可以指较长的一段时间，也可以指极短的时间，“如今”只能指较长的一段时间。
驱逐,0.4327 ,no,,,,,动 赶走：～出境｜～入侵者。
长春,0.4324 ,no,,,,,
问道,0.4322 ,no,,,,,
做工,0.4219 ,yes,v,gain + v -> n,从事劳动 -> 工艺品的技术/质量,1995,动 从事体力劳动（多指工业或手工业劳动）：她在纺纱厂～。名 ①指制作的技术或质量：这件衣服～很细。②同“做功¹”。
开门,0.4813 ,yes,vp,metonymy,营业 -> 公开(~纳谏),1995,动 ①敞开门，比喻公开做某事或广泛听取意见：～办学｜～整风。②指营业开始：银行九点才～。
罗马尼亚,0.4310 ,no,,,,,
三项,0.4308 ,no,,,,,
三大,0.4305 ,no,,,,,
迄今,0.4299 ,no,,,,,动 到现在：自古～｜～为止。
意愿,0.4299 ,no,,,,,名 愿望；心愿：尊重本人的～。
商业,0.4297 ,no,,,,,名 以买卖方式使商品流通的经济活动，也指组织商品流通的国民经济部门。
第一条,0.4292 ,no,,,,,
三点,0.4287 ,no,,,,,
得来,0.4285 ,no,,,,,
进程,0.4282 ,no,,,,,名 事物发展变化或进行的过程：历史的～｜革命的～。
意识,0.4277 ,no,,,,,动 ①觉察（常跟“到”字连用）：天还冷，看见树枝发绿才～到已经是春天了。②名人的头脑对于客观物质世界的反映，是感觉、思维等各种心理过程的总和，其中的思维是人类特有的反映现实的高级形式。存在决定意识，意识又反作用于存在。
空运,0.4274 ,no,,context,军事 -> 货运/客运,,动 用飞机、直升机等从空中运输：～救灾物资。
淮北,0.4271 ,no,,,,,名 指淮河以北的地区，特指安徽的北部。
据说,0.4268 ,no,,,,,动 据别人说；根据传说（有时是有出息而不愿意说明）：～今年冬天气温偏高丨这种药～疗效不错。
清洁,0.5361 ,yes,adj,gain,干净卫生 -> 无污染 -> 节能环保,2000,形 没有尘土、油垢等：屋子里很～｜注意～卫生。
再度,0.4267 ,no,,,,,副 第二次；又一次：机构～调整｜谈判～破裂。
国土,0.5633 ,yes,n,other,领土/疆土 -> 土地资源,2000,名 国家的领土。
突击,0.4263 ,no,,,,,动 ①集中兵力向敌人防御阵地猛烈而急速地攻击：～队。②比喻集中力量，加快速度，在短时期内完成某项工作：连续～了两个晚上才把稿子写完。
对方,0.4260 ,no,,,,,名 跟行为的主体处于相对地位的一方：老王结婚了，～是幼儿园的保育员｜打球要善于抓住～的弱点来进攻。
会见,0.4259 ,no,,,,,动 跟别人相见：～亲友｜友好的～。
看待,0.4254 ,no,,,,,动 对待：把他当亲兄弟～。
历来,0.4252 ,no,,,,,副 从来；一向：～如此｜老校长～重视学生素质教育｜我国人民～就有勤劳勇敢的优良传统。
解放,0.4252 ,no,,,,,动 ①解除束缚，得到自由或发展：～思想｜～生产力。②推翻反动统治，在我国特指1949年推翻国民党统治：～前｜～那年我才15岁。
现场,0.4251 ,no,,,,,名 ①发生案件、事故或自然灾害的场所以及该场所在发生案件、事故或自然灾害时的状况：保护～，以便取证丨地震过后，～一片狼藉。②直接进行生产、演出、比赛、试验等的场所：～参观｜～会议｜～直播。
议程,0.4247 ,no,,,,,名 会议上议题或议案讨论的程序。
区域,0.4246 ,no,,,,,名 地区范围：～自治｜～经济。
先锋队,0.4246 ,no,,,,,
谈话,0.4245 ,no,,,,,动 ①（－∥－）两个人或许多人在一起说话：他们正在屋里～。②（－∥－）动特指用谈话的形式了解情况、做思想工作等（多用于上对下）：今天领导找他～了。③名用谈话的形式发表的意见（多为政治性的）：书面～｜关于发展文化产业的～。
两部,0.4237 ,no,,,,,
更高,0.4237 ,no,,,,,
三十,0.4237 ,no,,,,,
全队,0.4233 ,no,,context,生产队 -> 篮球队等,,
反动,0.4233 ,no,,,,,形 ①指思想上或行动上维护旧制度，反对进步，反对革命：～阶级｜思想～。②名相反的作用：从历史来看，党八股是对于五四运动的一个～。
铁道,0.4232 ,no,,,,,名 铁路。
解放区,0.4231 ,no,,,,,名 推翻了反动统治、建立了人民政权的地区，特指抗日战争和解放战争时期，中国共产党领导的军队从敌伪统治和国民党统治下解放出来的地区。
文化教育,0.4229 ,no,,,,,
会晤,0.4227 ,no,,,,,动 会面；会见：两国领导人～｜～当地知名人士。
村民,0.4226 ,no,,,,,名 乡村居民：～大会。
交通部,0.4221 ,no,,,,,
宣称,0.4220 ,no,,,,,动 公开地用语言、文字表示；声称：～自己的意见是正确的。
创造者,0.4219 ,no,,,,,
保安,0.5584 ,yes,n,other,地方武装警力 -> 保安员,2000,动 ①保卫治安：加强～工作。②动保护工人安全，防止在生产过程中发生人身事故：～规程｜～制度。③名指保安员，在机关、企业、商店、宾馆、住宅区等做保卫治安工作的人。
同年,0.4218 ,no,,,,,名 ①同一年：～九月大桥竣工。②方动同岁。③名科举考试同榜考中的人。
控制,0.4215 ,no,,,,,动 ①掌握住不使任意活动或越出范围；操纵：～疫情丨～局势丨～人数｜自动～。②使处于自己的占有、管理或影响之下：～金融市场｜制高点的火力～了整片开阔地。
年代,0.4212 ,no,,,,,名 ①时代；时期；时间（多指过去较远的）：～久远｜黑暗～｜这件古董恐怕有～了。②每一世纪中从“……十”到“……九”的十年，如1990-1999是20世纪90年代。
公约,0.4211 ,no,,,,,名 ①条约的一种名称。一般指三个或三个以上的国家缔结的某些政治性的或关于某一专门问题的条约。②机关、团体或街道居民内部拟订的共同遵守的章程：文明～｜环境保护～。
新式,0.4203 ,no,,,,,形 属性词。式样或形式新的：～武器｜～婚礼。
人群,0.5373 ,yes,n,broaden,成群的人(物理) -> 群体(特殊~/高危~),2000,名 成群的人：他在～里挤来挤去。
亲临,0.4201 ,no,,,,,动 亲自到（某处）：～其境｜～现场｜～指导｜～抗洪前线。
回头,0.4201 ,no,,,,,动 ①（－∥－）把头转向后方：一～就看见了｜请你回过头来。②动回来；返回：一去不～。③动悔悟；改邪归正：败子～｜现在～还不算晚。④副稍等一会儿；过一段时间以后：你先吃饭，～再谈｜我先走了，～见！⑤连不然；否则（用在祈使句后的句子开头申述理由）：小点儿声儿，～把孩子吵醒了丨快走吧，～要迟到了。
移动,0.4832 ,yes,v,gain + v -> adj,mobile/portable,2000,动 改换原来的位置：冷空气正向南～｜汽笛响后，船身开始～了。
正规,0.6482 ,yes,adj,loss,"旧时~教育相当于现在的""全日制""",2005,形 符合正式规定的或一般公认的标准的：～军｜～方法｜不太～。
一名,0.4189 ,no,,,,,
细菌,0.4188 ,no,,,,,名 原核生物的一大类，形状有球形、杆形、螺旋形、弧形、线形等，一般都用分裂繁殖。自然界中分布很广，对自然界物质循环起着重大作用。有的细菌对人类有利；有的细菌能使人类、牲畜等发生疾病。
评价,0.4187 ,not really,,,nb估价(强调价值) -> nb判断/评判,,动 ①评定价值高低：～文学作品。②名评定的价值：这部电影获得很高的～。
身边,0.5731 ,yes,adv,broaden,身旁/跟前(物理) -> 在生活中,2005,名 ①身体的近旁：年老多病的人～需要有人照料。②身上➋：我～没有带钱，你给我先垫一下。
对照,0.4183 ,no,,poly,v对比参照 vs. n对比的对象,,动 ①互相对比参照：俄汉～｜把译文～原文加以修改。②（人或事物）相比；对比：你拿这个标准～一下自己，看看差距有多大。
将要,0.4180 ,no,,,,,副 表示行为或情况不久以后就会发生：他～来北京。
分子,0.4177 ,no,,context,反动~/破坏~/恐怖~,,物质中能够独立存在并保持本物质一切化学性质的最小微粒，由原子组成。名 ①见383页〖分数〗²。另见386页fènzǐ。名 属于一定阶级、阶层、集团或具有某种特征的人：知识～｜积极～｜投机～。另见384页fēnzǐ。
支配,0.5293 ,yes,v,ameliorate,主宰/控制/奴役 -> 安排使用(可~收入),2005,动 ①安排：合理～时间｜～劳动力｜不听～。②对人或事物起引导和控制的作用：思想～行动。
多方,0.5525 ,yes,adv,other,使用多种方法 -> 集结多个方面,2010,形 ①属性词。多边：～会议丨～谈判。②副表示从多方面：～设法｜～劝慰。③副表示用多种方法：～营救。
定额,0.4160 ,not really,,poly,v固定数额 vs. n固定的数额,,动 ①规定数额：～管理｜～供应。②动规定的数量：提前完成生产～。
释放,0.7224 ,yes,v,metaphor,~犯人 -> 激发/激活,2010,动 ①恢复被拘押者或服刑者的人身自由：～战俘｜刑满～。②把所含的物质或能量放出来：这种肥料的养分～缓慢｜核反应堆能有效地～核能。
通讯,0.4158 ,not really,,poly,新闻稿件 -> 通信/数据传输,,动 ①通信➋的旧称。②名翔实而生动地报道客观事物或典型人物的文章。
出席会议,0.4157 ,no,,,,,
两面,0.4157 ,no,,tokenizer error,"疑为""两面人""分词错误",2015,名 方位词。①正面和反面：这张纸～都写满了字。②两边➋：～夹攻｜左右～都是高山。③事物相对的两方面：～性｜～讨好｜问题的～我们都要看到。
一步,0.4155 ,no,,,,,
全局,0.4153 ,no,,,,,名 整个的局面：～观念｜胸怀～。
积极分子,0.4149 ,no,,,,,①政治上要求进步，工作上积极负责的人。②在体育、文娱及社会活动等方面比较积极的人。
第一,0.4147 ,no,,,,,数 ①排在最前面的：他考了～名。②比喻最重要：百年大计，质量～。
非洲,0.4146 ,no,,,,,
一心,0.4145 ,no,,,,,副 ①专心；全心全意：～为公丨共产党～为人民。②形齐心；同心：万众～｜上下～。
分离,0.4142 ,no,,,,,动 ①分开：理论与实践是不可～的｜从空气中～出氮气来。②别离：～了多年的兄弟又重逢了。
原先,0.4141 ,no,,,,,名 从前；起初：照～的计划做｜他～是个文盲，现在已经成了业余作家。
办到,0.4139 ,no,,,,,
采集,0.5156 ,yes,v,broaden,~植物标本 -> 收集录入数据,2010,动 收集；搜罗：～标本｜～民间歌谣。
各县,0.4137 ,no,,,,,
烟草,0.4135 ,no,,,,,名 ①一年生草本植物，叶子大，花冠漏斗形，筒部粉红色或白色，裂片红色，结蒴果，卵圆形。叶子是制造烟丝、雪茄等的主要原料。②指烟叶或烟叶制品：～市场。
操纵,0.4134 ,no,,,,,动 ①控制或开动机械、仪器等：～自如｜远距离～｜一个人～两台机床。②用不正当的手段支配、控制：～市场｜幕后～。
圆满,0.4133 ,no,,,,,形 没有缺欠、漏洞，使人满意：～的答复｜会议～结束。
低头,0.4128 ,no,,,,,动 ①垂下头：～不语。②比喻屈服：他在任何困难面前都不～。
必定,0.4127 ,no,,,,,副 ①表示判断或推论的确凿或必然：他得到信儿，～会来｜有全组同志的共同努力，这项任务～能完成。②表示意志的坚决：你放心，后天我～来接你。
分化,0.4267 ,yes,v,other,挑拨离间 -> 差距增加(e.g.贫富),2010,动 ①性质相同的事物变成性质不同的事物；统一的事物变成分裂的事物：两极～｜有些字，古代本是一个，由于后来加上了不同的偏旁，就～成几个。②使分化：～瓦解｜～敌人。③在生物个体发育的过程中，细胞向不同的方向发展，在构造和功能上，由一般变为特殊的现象，例如胚胎时期的某些细胞分化成为肌细胞，另一些细胞分化成为结缔组织。
迫害,0.4115 ,no,,,,,动 压迫使受害（多指政治性的）：遭受～｜～致死。
加强团结,0.4113 ,no,,,,,
高等,0.4110 ,no,,,,,形 属性词。①比较高深的：～数学。②高级➊：～学校。
用户,0.4104 ,not really,,context,消费者(用水/用电 -> 手机/软件),2000,名 指某些设备、商品、服务的使用者或消费者：网络～｜竭诚为～服务。
确保,0.4102 ,no,,,,,动 确实地保持或保证：～交通畅通｜加强田间管理，～粮食丰收。
批发,0.4087 ,no,,,,,动 成批地出售（商品）：～部｜～价格｜～化工原料。
参与,0.4081 ,no,,,,,动 参加（事务的计划、讨论、处理）：～其事｜他曾～这个规划的制订工作。
小米,0.8326 ,yes,,entity,农作物 -> 小米手机,2010,名 （～儿）去了壳的谷子的籽实。
正面,0.4078 ,no,,poly,"对应""侧面/背面"" vs. 对应""负面/反面""",,名 ①人体前部那一面；建筑物临广场或临街、装饰比较讲究的一面；前进的方向（跟“背面、反面、侧面”相对）：～图｜大楼的～有八根大理石的柱子｜一连从～进攻，二连、三连侧面包抄。②名片状物主要使用的一面或跟外界接触的一面（跟“背面、反面”相对）：牛皮纸的～比较光滑。③形属性词。好的、积极的一面（跟“反面、负面”相对）：～人物｜～教育。④名事情、问题等直接显示的一面：不但要看问题的～，还要看问题的反面。⑤形属性词。直接：避免～交锋｜有问题～提出来，别绕弯子。
遗产,0.4077 ,no,,,,,名 ①死者留下的财产，包括财物、债权等。②泛指历史上遗留下来的精神财富或物质财富：文化～｜医学～。
一连串,0.4075 ,no,,,,,形 属性词。（行动、事情等）一个紧接着一个的：～的胜利｜～的打击。
以新,0.4074 ,no,,,,,
数字,0.4932 ,yes,n,gain + n -> adj,number/statistics -> digital,2015,名 ①表示数目的文字。汉字的数字有小写大写两种，“一二三四五六七八九十”等是小写，“壹贰叁肆伍陆柒捌玖拾”等是大写。②名表示数目的符号，如阿拉伯数字、苏州码子。③名指数量：不要盲目追求～。适用于以上义项也叫数目字。④形属性词。采用数字化技术的：～通信丨～摄像机。
小学教师,0.4072 ,no,,,,,
英国政府,0.4065 ,no,,,,,
签字,0.4064 ,no,,,,,动 ①（－∥－）在文件上写上自己的名字，表示负责。②名在文件上写下的自己的名字。
我愿,0.4063 ,no,,,,,
人民党,0.4061 ,no,,,,,
响应,0.4053 ,no,,context,响应号召 -> 响应警报,2005,动 回声相应，比喻用言语行动表示赞同、支持某种号召或倡议：～号召。
禁令,0.4051 ,no,,,,,名 禁止从事某项活动的法令：解除～｜违反～。
呈现,0.4045 ,no,,,,,动 显出；露出：到处～欣欣向荣的景象｜暴风雨过去，大海又～出碧蓝的颜色。
倡导,0.4042 ,no,,,,,动 带头提倡：～新风尚。
晚间,0.4041 ,no,,,,,名 晚上：～新闻。
效能,0.4041 ,no,,poly,效果/效益(effect) vs. 效率(efficiency),,名 事物所蕴藏的有利的作用：充分发挥水利工程的～。
瑞士,0.4041 ,no,,,,,
关键,0.4039 ,no,,,,,名 ①门闩或功能类似门闩的东西。②名比喻事物最关紧要的部分；对情况起决定作用的因素：摸清情况是解决问题的～｜办好学校～在于提高教学质量。③形最关紧要的：～问题｜～时刻。
靠山,0.4038 ,no ,,poly,字面义(靠近山) vs. 比喻义(后盾),,名 指可以依靠的有力量的人或集体。
一组,0.4033 ,no,,,,,
黎明,0.4031 ,no,,,,,名 时间词。天快要亮或刚亮的时候：～即起丨比喻用法被压迫人民盼来了～。
疯狂,0.4029 ,no,,,,,形 发疯，形容极其猖狂：打退敌人的～进攻。
夫妇,0.4021 ,no,,,,,名 夫妻：新婚～。
第三个,0.4019 ,no,,,,,
边界,0.4016 ,no,,,,,名 地区和地区之间的界线（多指国界，有时也指省界、县界）：～线｜越过～。
挑起,0.4014 ,no,,poly,挑拨/煽动(~事端) vs. 主动承担责任(~大梁),,
异常,0.4012 ,no,,poly,adj不同寻常的 vs. adv非常/特别,,形 ①不同于寻常：神色～｜情况～｜～现象。②副非常；特别：～激动｜～美丽｜～反感。
不上,0.4012 ,no,,,,,
上旬,0.4011 ,no,,,,,名 每月一日到十日的十天。
一带,0.7597 ,yes,,entity,"地理位置 -> ""一带一路""",2015,名 泛指某处及其附近地方：北京～｜江南～雨量充足。
一路,0.7135 ,yes,,entity,"一直/沿路 -> ""一带一路""",2015,名 ①整个行程中；沿路：～平安｜～顺风｜～上庄稼长势很好｜～上大家说说笑笑，很热闹。②名同一类：～人｜～货｜老王是拘谨～，小张是旷达～。③副一起（来、去、走）：咱们～走｜我跟他～来的。④副一个劲儿；一直：铝价～下跌。
同日,0.4009 ,no,,,,,
三件,0.4004 ,no,,,,,
